"Мир, природа",,
south,[saʊθ] ,юг
west,[wɛst] ,запад 
north,[nɔːθ] ,север
east,[iːst] ,восток 
world,[wɜːld] ,мир 
water,[ˈwɔːtə] ,вода 
air,[eə] ,воздух
field,[fiːld] ,поле 
light,[laɪt] ,свет 
space,[speɪs] ,пространство (космос) 
earth,[ɜːθ] ,земля (в т.ч. планета)
ground,[graʊnd] ,земля (под ногами)
soil,[sɔɪl] ,почва
land,[lænd] ,"земля (территория, страна)"
star,[stɑː] ,звезда
fire,[ˈfaɪə] ,огонь (пожар)
nature,[ˈneɪʧə] ,природа 
environment,[ɪnˈvaɪərənmənt] ,окружающая среда
rock,[rɒk] ,камень (скала)
sea,[siː] ,море 
seashore,[ˈsiːʃɔː] ,берег моря
sort,[sɔːt] ,сорт (разновидность)
planet,[ˈplænɪt] ,планета 
weather,[ˈwɛðə] ,погода 
heat,[hiːt] ,жара
wind,[wɪnd] ,ветер 
track,[træk] ,тропа (дорожка)
sky,[skaɪ] ,небо 
camp,[kæmp] ,лагерь 
stone,[stəʊn] ,камень 
ice,[aɪs] ,лед 
sun,[sʌn] ,солнце
wood,[wʊd] ,древесина (лес)
mountain,[ˈmaʊntɪn] ,гора 
river,[ˈrɪvə] ,река 
wave,[weɪv] ,волна 
atmosphere,[ˈætməsfɪə] ,атмосфера 
storm,[stɔːm] ,буря
universe,[ˈjuːnɪvɜːs] ,вселенная 
dirt,[dɜːt] ,грязь 
rain,[reɪn] ,дождь 
pollution,[pəˈluːʃən] ,загрязнение 
disaster,[dɪˈzɑːstə] ,катастрофа 
climate,[ˈklaɪmɪt] ,климат 
moon,[muːn] ,луна 
cloud,[klaʊd] ,облако 
lake,[leɪk] ,озеро 
ocean,[ˈəʊʃən] ,океан 
island,[ˈaɪlənd] ,остров 
landscape,[ˈlænskeɪp] ,пейзаж 
sand,[sænd] ,песок 
peak,[piːk] ,пик 
coast,[kəʊst] ,побережье 
pole (geography),[pəʊl] ,полюс (напр. Северный полюс)
flow,[fləʊ] ,поток
stream,[striːm] ,поток 
desert,[ˈdɛzət] ,пустыня 
diversity,[daɪˈvɜːsɪti] ,разнообразие 
relief,[rɪˈliːf] ,рельеф 
snow,[snəʊ] ,снег 
darkness,[ˈdɑːknɪs] ,тьма 
hill,[hɪl] ,холм 
bank ,[bæŋk]  ,берег реки
dust,[dʌst] ,пыль 
stick,[stɪk] ,палка 
silence,[ˈsaɪləns] ,тишина 
reality,[ri(ː)ˈælɪti] ,реальность 
shadow,[ˈʃædəʊ] ,тень 
selection,[sɪˈlɛkʃən] ,отбор
top,[tɒp] ,вершина
"Животные, растения",,
bird,[bɜːd] ,птица 
poultry,[ˈpəʊltri] ,домашняя птица
duck,[dʌk] ,утка
chicken,[ˈʧɪkɪn] ,курица (цыпленок)
"cock, rooster","[kɒk], [ˈruːstə] ",петух
"pigeon, dove","[ˈpɪʤɪn], [dʌv] ",голубь
sparrow,[ˈspærəʊ] ,воробей
crow,[krəʊ] ,ворона
animal,[ˈænɪməl] ,животное 
domestic animal,[dəʊˈmɛstɪk ˈænɪməl] ,домашнее животное
wild animal,[waɪld ˈænɪməl] ,дикое животное
cow,[kaʊ] ,корова
bull,[bʊl] ,бык
horse,[hɔːs] ,лошадь 
pig,[pɪg] ,свинья
cat,[kæt] ,кот 
dog,[dɒg] ,собака 
mouse,[maʊs] ,мышь
wolf,[wʊlf] ,волк
fox,[fɒks] ,лиса
bear,[beə] ,медведь
deer,[dɪə] ,олень 
lion,[ˈlaɪən] ,лев
rabbit,[ˈræbɪt] ,кролик
growth,[grəʊθ] ,рост 
cell,[sɛl] ,клетка (биол.)
variety,[vəˈraɪəti] ,разнообразие 
evolution,[ˌiːvəˈluːʃən] ,эволюция 
fish,[fɪʃ] ,рыба 
egg,[ɛg] ,яйцо 
male (biol.),[meɪl],самец
female (biol.) ,[ˈfiːmeɪl],самка
wing,[wɪŋ] ,крыло 
creature,[ˈkriːʧə] ,существо 
tree,[triː] ,дерево 
root,[ruːt] ,корень 
leaf,[liːf] ,лист растения
plant,[plɑːnt] ,растение
forest,[ˈfɒrɪst] ,лес 
flower,[ˈflaʊə] ,цветок 
seed,[siːd] ,семя
grass,[grɑːs] ,трава 
Время,,
season,[ˈsiːzn] ,время года
winter,[ˈwɪntə] ,зима
spring,[sprɪŋ] ,весна
summer,[ˈsʌmə] ,лето
fall (Am.) autumn (Br.),[fɔːl] [ˈɔːtəm],осень
January,[ˈʤænjʊəri] ,январь
February,[ˈfɛbrʊəri] ,февраль
March,[mɑːʧ] ,март
April,[ˈeɪprəl] ,апрель
May,[meɪ] ,май
June,[ʤuːn] ,июнь
July,[ʤu(ː)ˈlaɪ] ,июль
August,[ˈɔːgəst] ,август
September,[sɛpˈtɛmbə] ,сентябрь
October,[ɒkˈtəʊbə] ,октябрь
November,[nəʊˈvɛmbə] ,ноябрь
December,[dɪˈsɛmbə] ,декабрь
Monday,[ˈmʌndeɪ] ,понедельник
Tuesday,[ˈtjuːzdeɪ] ,вторник
Wednesday,[ˈwɛnzdeɪ] ,среда
Thursday,[ˈθɜːzdeɪ] ,четверг
Friday,[ˈfraɪdeɪ] ,пятница
Saturday,[ˈsætədeɪ] ,суббота
Sunday,[ˈsʌndeɪ] ,воскресенье
week,[wiːk] ,неделя
day,[deɪ] ,день 
night,[naɪt] ,ночь (вечер)
month,[mʌnθ] ,месяц 
hour,[ˈaʊə] ,час 
minute,[ˈmɪnɪt] ,минута 
morning,[ˈmɔːnɪŋ] ,утро 
moment,[ˈməʊmənt] ,момент 
century,[ˈsɛnʧʊri] ,век
period,[ˈpɪərɪəd] ,период
future,[ˈfjuːʧə] ,будущее 
second,[ˈsɛkənd] ,секунда
time,[taɪm] ,время 
year,[jɪə] ,год 
decade,[ˈdɛkeɪd] ,десять лет 
evening,[ˈiːvnɪŋ] ,вечер 
past,[pɑːst] ,прошлое
beginning,[bɪˈgɪnɪŋ] ,начало
date,[deɪt] ,дата
era,[ˈɪərə] ,эра
present (time),[ˈprɛznt],настоящее
afternoon,[ˈɑːftəˈnuːn] ,день (время суток)
Человек: жизнь,,
life,[laɪf] ,жизнь 
death,[dɛθ] ,смерть 
birth,[bɜːθ] ,рождение 
soul,[səʊl] ,душа 
funeral,[ˈfjuːnərəl] ,похороны 
fate,[feɪt] ,судьба 
wisdom,[ˈwɪzdəm] ,мудрость 
lifetime,[ˈlaɪftaɪm] ,жизнь (продолжительность всей  жизни)
boy,[bɔɪ] ,мальчик 
girl,[gɜːl] ,девушка 
guy,[gaɪ] ,парень 
baby,[ˈbeɪbi] ,малыш
adult,[ˈædʌlt] ,взрослый
youth,[juːθ] ,молодежь 
childhood,[ˈʧaɪldhʊd] ,детство 
teenager (сокр. teen),[ˈtiːnˌeɪʤə],подросток 
man,[mæn] ,человек (мужчина)
woman,[ˈwʊmən] ,женщина 
child,[ʧaɪld] ,ребенок 
kid,[kɪd] ,ребенок 
twins,[twɪnz] ,близнецы 
Человек: личность,,
identity,[aɪˈdɛntɪti] ,личность (установленная личность)
person,[ˈpɜːsn] ,"человек, персона"
individual,[ˌɪndɪˈvɪdjʊəl] ,личность (индивид)
human,[ˈhjuːmən] ,человек 
beauty,[ˈbjuːti] ,красотка
personality,[ˌpɜːsəˈnælɪti] ,личность (персоналия)
gentleman,[ˈʤɛntlmən] ,джентльмен 
lady,[ˈleɪdi] ,леди
name (first name),[neɪm] [fɜːst neɪm],имя 
last name (Am) surname (Br),[lɑːst neɪm]  [ˈsɜː neɪm],фамилия
date of birth,[deɪt əv bɜːθ] ,дата рождения
birthday,[ˈbɜːθdeɪ] ,день рождения 
sex,[sɛks],"пол, секс"
female (person),[ˈfiːmeɪl],женщина
male (person),[meɪl],мужчина 
talent,[ˈtælənt] ,талант 
risk,[rɪsk] ,риск 
ability,[əˈbɪlɪti] ,способность 
height,[haɪt] ,рост
weight,[weɪt] ,вес 
age,[eɪʤ] ,возраст 
Человек: анатомия,,
hand,[hænd] ,рука (кисть)
eye,[aɪ] ,глаз 
body,[ˈbɒdi] ,тело 
face,[feɪs] ,лицо 
heart,[hɑːt] ,сердце 
arm,[ɑːm] ,рука (полностью)
hair,[heə] ,волосы 
mouth,[maʊθ] ,рот 
neck,[nɛk] ,шея 
lips,[lɪps] ,губы
head,[hɛd],голова
back,[bæk] ,спина
foot,[fʊt] ,нога (ступня)
leg,[lɛg] ,нога (полностью)
shoulder,[ˈʃəʊldə] ,плечо 
skin,[skɪn] ,кожа 
finger,[ˈfɪŋgə] ,палец 
brain,[breɪn] ,мозг 
ear,[ɪə] ,ухо 
bone,[bəʊn] ,кость 
knee,[niː] ,колено 
breast,[brɛst] ,грудь 
muscle,[ˈmʌsl] ,мышца
chest,[ʧɛst] ,грудь 
nose,[nəʊz] ,нос 
tooth,[tuːθ] ,зуб 
throat,[θrəʊt] ,горло
stomach,[ˈstʌmək] ,желудок 
hip,[hɪp] ,бедро
cheek,[ʧiːk] ,щека 
voice,[vɔɪs] ,голос 
look,[lʊk] ,взгляд
breath,[brɛθ] ,дыхание 
sight,[saɪt] ,зрение 
hearing,[ˈhɪərɪŋ] ,слух
tongue,[tʌŋ] ,язык (биол.)
gesture,[ˈʤɛsʧə] ,жест 
step,[stɛp] ,шаг 
sleep,[sliːp] ,сон 
profile,[ˈprəʊfaɪl] ,профиль 
tear ,[teə]  ,слеза
sense,[sɛns] ,чувство (физ.)
touch,[tʌʧ] ,прикосновение
Математика,,
number,[ˈnʌmbə] ,число
digit,[ˈdɪʤɪt] ,цифра
value,[ˈvæljuː] ,значение (матем.)
plus,[plʌs] ,плюс
minus,[ˈmaɪnəs] ,минус
fraction,[ˈfrækʃən] ,дробь
odd number,[ɒd] [ˈnʌmbə] ,нечетное число
even number,[ˈiːvən] [ˈnʌmbə] ,четное число
problem,[ˈprɒbləm] ,задача (арифм.)
answer,[ˈɑːnsə] ,ответ 
point,[pɔɪnt] ,точка
brackets,[ˈbrækɪts] ,скобки (матем.)
percent,[pəˈsɛnt] ,процент
half,[hɑːf] ,половина
quarter,[ˈkwɔːtə] ,четверть
degree,[dɪˈgriː] ,степень
addition,[əˈdɪʃ(ə)n] ,сложение
subtraction,[səbˈtrækʃən] ,вычитание 
multiplication,[ˌmʌltɪplɪˈkeɪʃən] ,умножение
division,[dɪˈvɪʒən] ,деление
equality,[i(ː)ˈkwɒlɪti] ,равенство
line,[laɪn] ,линия
shape,[ʃeɪp] ,"форма, геом. Тело"
figure,[ˈfɪgə] ,фигура
form,[fɔːm] ,форма
level,[ˈlɛvl] ,уровень
circle,[ˈsɜːkl] ,круг
square,[skweə] ,квадрат
triangle,[ˈtraɪæŋgl] ,треугольник
rectangle,[ˈrɛkˌtæŋgl] ,прямоугольник
sphere,[sfɪə] ,сфера
cube,[kjuːb] ,куб
cone,[kəʊn] ,конус
majority,[məˈʤɒrɪti] ,большинство
minority,[maɪˈnɒrɪti] ,меньшинство
increase,[ˈɪnkriːs] ,увеличение
decrease,[ˈdiːkriːs] ,уменьшение
combination,[ˌkɒmbɪˈneɪʃən] ,"комбинация, сочетание"
dimension,[dɪˈmɛnʃən] ,измерение (пространств.)
chart,[ʧɑːt] ,схема
table ,[ˈteɪbl]  ,таблица
statistics,[stəˈtɪstɪks] ,статистика
pair,[peə] ,пара
unit,[ˈjuːnɪt] ,единица (напр. измерения)
"amount, number","[əˈmaʊnt], [ˈnʌmbə] ",количество
"Физические явления, характеристики",,
force,[fɔːs] ,сила
power,[ˈpaʊə] ,энергия
strength,[strɛŋθ] ,сила
speed,[spiːd] ,скорость
size,[saɪz] ,размер
length,[lɛŋθ] ,длина
color (colour),[ˈkʌlə],цвет
shape (form),[ʃeɪp] [fɔːm],форма
temperature,[ˈtɛmprɪʧə] ,температура
capacity,[kəˈpæsɪti] ,вместимость
volume,[ˈvɒljʊm] ,объем
mass,[mæs] ,масса
weight,[weɪt] ,вес
smell,[smɛl] ,запах
pace,[peɪs] ,темп 
contrast,[ˈkɒntrɑːst] ,контраст
absence,[ˈæbsəns] ,отсутствие
presence,[ˈprɛzns] ,присутствие
state,[steɪt] ,состояние (напр. вещества)
noise,[nɔɪz] ,шум
resistance,[rɪˈzɪstəns] ,сопротивление
tension,[ˈtɛnʃən] ,"напряжение, натяжение"
kilogram,[ˈkɪləʊgræm] ,килограмм
meter,[ˈmiːtə] ,метр
inch,[ɪnʧ] ,дюйм
mile,[maɪl] ,миля
pound,[paʊnd] ,фунт
foot,[fʊt] ,фут
Материалы,,
material,[məˈtɪərɪəl] ,материал 
wood,[wʊd] ,"древесина, дерево"
glass,[glɑːs] ,стекло
plastic,[ˈplæstɪk] ,пластик 
metal,[ˈmɛtl] ,металл
steel,[stiːl] ,сталь 
plank,[plæŋk] ,доска
board,[bɔːd] ,"доска, панель"
element,[ˈɛlɪmənt] ,элемент 
brick,[brɪk] ,кирпич
lead,[liːd] ,свинец
chip,[ʧɪp],осколок (кусочек)
substance,[ˈsʌbstəns] ,вещество 
iron,[ˈaɪən] ,железо
mixture,[ˈmɪksʧə] ,смесь 
fiber,[faɪbə] ,волокно
chemical,[ˈkɛmɪkəl] ,химикат
tissue (biol.),[ˈtɪʃuː],ткань (биол.)
mix,[mɪks] ,смесь
paper,[ˈpeɪpə] ,бумага 
piece (of something),[piːs],кусок чего-либо
bit (of something),[bɪt],частичка
Техника,,
process,[ˈprəʊsɛs] ,процесс 
model,[ˈmɒdl] ,модель 
impact,[ˈɪmpækt] ,"удар (столкновние), воздействие "
hole,[həʊl] ,отверстие 
basis,[ˈbeɪsɪs] ,основа
engine,[ˈɛnʤɪn] ,двигатель 
function,[ˈfʌnŋkʃən] ,функция 
damage,[ˈdæmɪʤ] ,повреждение 
component,[kəmˈpəʊnənt] ,компонент 
chain,[ʧeɪn] ,цепь 
tear,[teə] ,разрыв (прореха)
improvement,[ɪmˈpruːvmənt] ,улучшение 
core,[kɔː] ,ядро 
rise,[raɪz] ,увеличение (рост)
link,[lɪŋk],соединение (звено)
release,[rɪˈliːs] ,выпуск (выход)
hit,[hɪt] ,удар (попадание)
transition,[trænˈsɪʒən] ,переход 
cycle,[ˈsaɪkl] ,цикл 
exposure (to something),[ɪksˈpəʊʒə] ,подверженность  (воздействию чего-то)
phase,[feɪz] ,фаза 
reduction,[rɪˈdʌkʃən] ,сокращение 
shift,[ʃɪft] ,сдвиг 
wire,[ˈwaɪə] ,провод 
smoke,[sməʊk] ,дым 
shell,[ʃɛl] ,оболочка 
gear,[gɪə] ,"механизм (аппарат), шестерня"
barrier,[ˈbærɪə] ,барьер 
chamber,[ˈʧeɪmbə] ,полость (палата)
mechanism,[ˈmɛkənɪzm] ,механизм 
destruction,[dɪsˈtrʌkʃən] ,разрушение 
electricity,[ɪlɛkˈtrɪsɪti] ,электричество 
expansion,[ɪksˈpænʃən] ,расширение 
decline,[dɪˈklaɪn] ,спад (склон)
concentration,[ˌkɒnsənˈtreɪʃən] ,концентрация 
reflection,[rɪˈflɛkʃən] ,отражение 
mode,[məʊd] ,режим (работы чего-то)
platform,[ˈplætfɔːm] ,платформа 
hold,[həʊld] ,"удержание, хватка"
segment,[ˈsɛgmənt] ,сегмент 
tank,[tæŋk] ,бак (танк)
gap,[gæp] ,разрыв (пробел)
layer,[ˈleɪə] ,слой 
power,[ˈpaʊə] ,энергия
standard,[ˈstændəd] ,стандарт 
part,[pɑːt] ,часть
effect,[ɪˈfɛkt] ,эффект 
surface,[ˈsɜːfɪs] ,поверхность 
portion,[ˈpɔːʃən] ,порция
Пространство,,
movement,[ˈmuːvmənt] ,движение 
direction,[dɪˈrɛkʃən] ,направление 
edge,[ɛʤ] ,край 
fall,[fɔːl] ,падение
access,[ˈæksɛs] ,доступ 
turn,[tɜːn] ,поворот 
distance,[ˈdɪstəns] ,расстояние 
return,[rɪˈtɜːn] ,возвращение 
middle,[ˈmɪdl] ,середина
path,[pɑːθ] ,"путь, тропа"
move,[muːv] ,"ход, движение"
location,[ləʊˈkeɪʃən] ,"местонахождение, место"
front,[frʌnt] ,передняя часть
bottom,[ˈbɒtəm] ,дно (нижняя часть)
trail,[treɪl] ,тропа 
limit,[ˈlɪmɪt] ,"предел, ограничение"
zone,[zəʊn] ,зона 
motion,[ˈməʊʃən] ,движение 
row,[rəʊ] ,ряд
length,[lɛŋθ] ,длина
width,[wɪdθ] ,ширина
coverage,[ˈkʌvərɪʤ] ,охват (покрытие)
passage,[ˈpæsɪʤ] ,проезд (проход)
advance,[ədˈvɑːns] ,продвижение
arrangement,[əˈreɪnʤmənt] ,расположение 
drop,[drɒp] ,падение 
depth,[dɛpθ] ,глубина 
boundary,[ˈbaʊndəri] ,граница (предел)
course,[kɔːs] ,курс 
way,[weɪ] ,путь (способ)
place,[pleɪs] ,место 
point,[pɔɪnt] ,точка (пункт)
area,[ˈeərɪə] ,"местность, регион, район"
side,[saɪd] ,сторона 
end,[ɛnd] ,конец 
center,[ˈsɛntə] ,центр 
absence,[ˈæbsəns] ,отсутствие 
presence,[ˈprɛzns] ,наличие 
corner,[ˈkɔːnə] ,угол 
Логика,,
problem,[ˈprɒbləm] ,проблема 
fact,[fækt] ,факт 
issue,[ˈɪʃuː] ,вопрос (проблема) 
information,[ˌɪnfəˈmeɪʃən] ,информация 
result,[rɪˈzʌlt] ,результат 
reason,[ˈriːzn] ,причина
decision,[dɪˈsɪʒən] ,решение 
matter,[ˈmætə] ,дело (вопрос) 
type,[taɪp] ,тип
rule,[ruːl] ,правило 
goal,[gəʊl] ,цель 
factor,[ˈfæktə] ,фактор 
approach,[əˈprəʊʧ] ,подход (к чему-либо)
option,[ˈɒpʃən] ,вариант (опция)
version,[ˈvɜːʃən] ,версия 
solution,[səˈluːʃən] ,решение 
mistake,[mɪsˈteɪk] ,ошибка 
category,[ˈkætɪgəri] ,категория 
finding,[ˈfaɪndɪŋ] ,"находка, вывод, информация, полученная в результате исследования"
search,[sɜːʧ] ,поиск 
importance,[ɪmˈpɔːtəns] ,важность 
cause,[kɔːz] ,причина
effect,[ɪˈfɛkt] ,"следствие, эффект"
conclusion,[kənˈkluːʒən] ,"вывод, заключение"
notion,[ˈnəʊʃən] ,"идея (замечание), представление о чем-то"
definition,[ˌdɛfɪˈnɪʃən] ,определение 
priority,[praɪˈɒrɪti] ,приоритет 
exception,[ɪkˈsɛpʃən] ,исключение 
feature,[ˈfiːʧə] ,особенность 
comparison,[kəmˈpærɪsn] ,сравнение 
relation,[rɪˈleɪʃən] ,"отношение, связь"
criteria,[kraɪˈtɪərɪə] ,критерий
Мышление,,
idea,[aɪˈdɪə] ,идея 
mind,[maɪnd] ,"разум, сознание"
attention,[əˈtɛnʃ(ə)n] ,внимание 
thought,[θɔːt] ,мысль
memory,[ˈmɛməri] ,память
opinion,[əˈpɪnjən] ,мнение 
vision,[ˈvɪʒən] ,видение 
intelligence,[ɪnˈtɛlɪʤəns] ,"интеллект, разведданные (разведка)"
focus,[ˈfəʊkəs] ,"центр, сосредоточение"
will (power of will),[wɪl],воля (психол.)
thinking,[ˈθɪŋkɪŋ] ,мышление
perception,[pəˈsɛpʃən] ,восприятие 
doubt,[daʊt] ,сомнение
reflection,[rɪˈflɛkʃən] ,размышление
insight,[ˈɪnsaɪt] ,прозрение
imagination,[ɪˌmæʤɪˈneɪʃən] ,воображение 
capability,[ˌkeɪpəˈbɪlɪti] ,способность 
fantasy,[ˈfæntəsi] ,фантазия 
sense,[sɛns] ,смысл 
interest,[ˈɪntrɪst] ,интерес 
meaning,[ˈmiːnɪŋ] ,значение
interpretation,[ɪnˌtɜːprɪˈteɪʃən] ,интерпретация 
assumption,[əˈsʌmpʃ(ə)n] ,предположение 
perspective,[pəˈspɛktɪv] ,"точка зрения, взгляд"
planning,[ˈplænɪŋ] ,планирование 
recognition,[ˌrɛkəgˈnɪʃən] ,узнавание
consideration,[kənˌsɪdəˈreɪʃən] ,рассмотрение 
intention,[ɪnˈtɛnʃən] ,намерение 
awareness,[əˈweənəs] ,осведомленность
controversy,[ˈkɒntrəvɜːsi] ,"противоречие, несогласие по вопросу, бурная дискуссия"
distinction,[dɪsˈtɪŋkʃən] ,различие 
variation,[ˌveərɪˈeɪʃən] ,"разновидность, вариация, изменение в чем-либо"
list,[lɪst] ,список 
expectation,[ˌɛkspɛkˈteɪʃən] ,ожидание 
initiative,[ɪˈnɪʃɪətɪv] ,"инициатива, преимущество"
"Психология, чувства",,
psychology,[saɪˈkɒləʤi] ,психология
potential,[pəʊˈtɛnʃəl] ,потенциал 
choice,[ʧɔɪs] ,выбор 
burden,[ˈbɜːdn] ,бремя 
significance,[sɪgˈnɪfɪkəns] ,значимость 
experience,[ɪksˈpɪərɪəns] ,опыт 
subject,[ˈsʌbʤɪkt] ,"субъект, предмет, учебный предмет"
behavior,[bɪˈheɪvjə] ,поведение 
concern,[kənˈsɜːn] ,забота 
truth,[truːθ] ,правда 
lie,[laɪ] ,неправда (ложь)
purpose,[ˈpɜːpəs] ,цель 
honor,[ˈɒnə] ,честь 
objective,[əbˈʤɛktɪv] ,цель 
feeling,[ˈfiːlɪŋ] ,чувство 
fear,[fɪə] ,страх 
dream,[driːm] ,"мечта, сон"
hope,[həʊp] ,надежда
drive,[draɪv] ,воодушевление (прилив сил)
desire,[dɪˈzaɪə] ,желание (страсть)
confidence,[ˈkɒnfɪdəns] ,уверенность 
depression,[dɪˈprɛʃən] ,депрессия 
passion,[ˈpæʃən] ,страсть 
habit,[ˈhæbɪt] ,привычка 
anger,[ˈæŋgə] ,гнев 
anxiety,[æŋˈzaɪəti] ,тревожность
impression,[ɪmˈprɛʃən] ,впечатление 
terror,[ˈtɛrə] , ужас
satisfaction,[ˌsætɪsˈfækʃən] ,удовлетворение 
pride,[praɪd] ,гордость 
joy,[ʤɔɪ] ,радость 
fault,[fɔːlt] ,вина
emotion,[ɪˈməʊʃən] ,эмоции 
mood,[muːd] ,настроение 
stress,[strɛs] ,стресс
attitude,[ˈætɪtjuːd] ,отношение (к чему-то)
pleasure,[ˈplɛʒə] ,удовольствие 
luck,[lʌk] ,удача
love,[lʌv] ,любовь
friendship,[ˈfrɛndʃɪp] ,дружба
Семья,,
family,[ˈfæmɪli] ,семья
parents,[ˈpeərənts] ,родители
mother,[ˈmʌðə] ,мать
father,[ˈfɑːðə] ,отец
"mom (Am.), mum (Br.)",[mɒm] [mʌm],мама
dad,[dæd] ,папа
grandmother,[ˈgrænˌmʌðə] ,бабушка
grandfather,[ˈgrændˌfɑːðə] ,дедушка
brother,[ˈbrʌðə] ,брат
sister,[ˈsɪstə] ,сестра
cousin,[ˈkʌzn] ,кузен (двоюродные братья и сестры)
wife,[waɪf] ,жена
husband,[ˈhʌzbənd] ,муж
son,[sʌn] ,сын
daughter,[ˈdɔːtə] ,дочь
baby,[ˈbeɪbi] ,маленький ребенок
"children, kids",[ˈʧɪldrən] [kɪdz] ,дети
teenager,[ˈtiːnˌeɪʤə] ,подросток
aunt,[ɑːnt] ,тетя
uncle,[ˈʌŋkl] ,дядя
niece,[niːs] ,племянница
nephew,[ˈnɛvju(ː)] ,племянник
girlfriend,[ˈgɜːlˌfrɛnd] ,девушка (подруга)
boyfriend,[ˈbɔɪˌfrɛnd] ,парень (бойфренд)
friend,[frɛnd] ,друг
relatives,[ˈrɛlətɪvz] ,родственники
engagement,[ɪnˈgeɪʤmənt] ,помолвка
marriage,[ˈmærɪʤ] ,женитьба
wedding,[ˈwɛdɪŋ] ,свадьба
"fiancée, bride","fiancé[iː], [braɪd] ",невеста
"fiancé, groom (bridegroom)","fiancé, [grʊm] [ˈbraɪdgrʊm]",жених
Взаимоотношения,,
relationships,[rɪˈleɪʃənʃɪps] ,отношения 
love,[lʌv] ,любовь
friendship,[ˈfrɛndʃɪp] ,дружба
date,[deɪt] ,свидание
proposal,[prəˈpəʊzəl] ,предложение 
affair,[əˈfeə] ,любовная связь (роман)
lover,[ˈlʌvə] ,"любовник, любовница"
understanding,[ˌʌndəˈstændɪŋ] ,понимание 
jealousy,[ˈʤɛləsi] ,ревность
betrayal,[bɪˈtreɪəl] ,предательство
argument,[ˈɑːgjʊmənt] ,"спор, ссора"
quarrel,[ˈkwɒrəl] ,ссора
divorce,[dɪˈvɔːs] ,развод
influence,[ˈɪnflʊəns] ,влияние 
smile,[smaɪl] ,улыбка 
visit,[ˈvɪzɪt] ,визит 
respect,[rɪsˈpɛkt] ,уважение 
surprise,[səˈpraɪz] ,сюрприз 
fun,[fʌn] ,веселье
guest,[gɛst] ,гость 
neighbor,[ˈneɪbə] ,сосед 
stranger,[ˈstreɪnʤə],незнакомец 
Сотрудничество,,
team,[tiːm] ,команда 
support,[səˈpɔːt] ,поддержка 
help,[hɛlp] ,помощь 
partner,[ˈpɑːtnə] ,партнер 
participant,[pɑːˈtɪsɪpənt] ,участник 
gift,[gɪft] ,подарок (дар) 
colleague,[ˈkɒliːg] ,коллега 
present,[ˈprɛznt] ,подарок
good,[gʊd] ,польза (добро)
cooperation,[kəʊˌɒpəˈreɪʃən] ,сотрудничество 
challenge,[ˈʧælɪnʤ] ,"вызов, трудная задача"
difficulty,[ˈdɪfɪkəlti] ,трудность 
struggle,[ˈstrʌgl] ,борьба 
resolution,[ˌrɛzəˈluːʃən] ,"решение (задачи, проблемы)"
competition,[ˌkɒmpɪˈtɪʃən] ,конкуренция
assistance,[əˈsɪstəns] ,помощь 
opponent,[əˈpəʊnənt] ,оппонент
trouble,[ˈtrʌbl] ,беда 
conflict,[ˈkɒnflɪkt] ,конфликт 
criticism,[ˈkrɪtɪsɪzm] ,критика 
request,[rɪˈkwɛst] ,запрос 
participation,[pɑːˌtɪsɪˈpeɪʃən] ,участие 
trust,[trʌst] ,доверие 
complaint,[kəmˈpleɪnt] ,жалоба 
consequence,[ˈkɒnsɪkwəns] ,последствие 
thanks,[θæŋks] ,благодарности
contribution,[ˌkɒntrɪˈbjuːʃən] ,вклад 
circumstance,[ˈsɜːkəmstəns] ,обстоятельство 
offer,[ˈɒfə] ,предложение 
occasion,[əˈkeɪʒən] ,случай (возможность)
"Живопись, фотография",,
drawing,[ˈdrɔːɪŋ] ,рисунок 
art,[ɑːt] ,"искусство, изобразительное искусство (и произведения)"
event,[ɪˈvɛnt] ,мероприятие 
image,[ˈɪmɪʤ] ,изображение 
picture,[ˈpɪkʧə] ,"картина, фото"
artist,[ˈɑːtɪst] ,художник 
design,[dɪˈzaɪn] ,"дизайн, разработка"
style,[staɪl] ,стиль 
painting,[ˈpeɪntɪŋ] ,"живопись, картина"
camera,[ˈkæmərə] ,"фотокамера, видеокамера"
photo,[ˈfəʊtəʊ] ,фото 
culture,[ˈkʌlʧə] ,культура 
background,[ˈbækgraʊnd] ,"фон, опыт, происхождение человека"
photograph,[ˈfəʊtəgrɑːf] ,фотография 
exhibition,[ˌɛksɪˈbɪʃən] ,выставка 
portrait,[ˈpɔːtrɪt] ,портрет 
paint,[peɪnt] ,краска 
pencil,[ˈpɛnsl] ,карандаш
charcoal,[ˈʧɑːkəʊl] ,уголь (худ.)
brush,[brʌʃ] ,кисть
pen,[pɛn] ,авторучка
"Кино, театр, музыка",,
movie,[ˈmuːvi] ,фильм 
film,[fɪlm] ,фильм (кино\фотопленка)
play,[pleɪ] ,пьеса
audience,[ˈɔːdjəns] ,аудитория (зрители)
video,[ˈvɪdɪəʊ] ,видео 
actor,[ˈæktə] ,актер 
series,[ˈsɪəriːz] ,"серия, сериал"
stage,[steɪʤ] ,сцена (место)
dancer,[ˈdɑːnsə] ,танцор
studio,[ˈstjuːdɪəʊ] ,студия 
theater,[ˈθɪətə] ,театр 
viewer,[ˈvjuːə] ,зритель 
script (screenplay),[skrɪpt] [ˈskriːnpleɪ],сценарий 
celebrity,[sɪˈlɛbrɪti] ,знаменитость
scene,[siːn] ,сцена 
song,[sɒŋ] ,песня 
band,[bænd] ,группа (муз.)
singer,[ˈsɪŋə] ,певец 
musician,[mju(ː)ˈzɪʃən] ,музыкант 
performance ,[pəˈfɔːməns],выступление
dance,[dɑːns] ,танец 
concert,[ˈkɒnsə(ː)t] ,концерт 
bell,[bɛl] ,колокольчик (колокол)
string,[strɪŋ] ,струна
story,[ˈstɔːri] ,история 
guitar,[gɪˈtɑː] ,гитара
piano,[pɪˈænəʊ]  [ˈpjɑːnəʊ],пианино
music,[ˈmjuːzɪk] ,музыка 
role,[rəʊl] ,роль 
show,[ʃəʊ] ,шоу 
Литература,,
book,[bʊk] ,книга
author,[ˈɔːθə] ,автор 
page,[peɪʤ] ,страница 
language,[ˈlæŋgwɪʤ] ,язык 
article,[ˈɑːtɪkl] ,статья (напр. в газете)
character,[ˈkærɪktə] ,характер (персонаж)
reader,[ˈriːdə] ,читатель 
text,[tɛkst] ,текст 
title,[ˈtaɪtl] ,название 
critic,[ˈkrɪtɪk] ,критик 
context,[ˈkɒntɛkst] ,контекст 
writing,[ˈraɪtɪŋ] ,"написание, почерк, процесс письма"
literature,[ˈlɪtərɪʧə] ,литература 
reading,[ˈriːdɪŋ] ,чтение 
novel,[ˈnɒvəl] ,роман 
tale,[teɪl] ,"сказка, история"
story,[ˈstɔːri] ,"история, рассказ"
mystery,[ˈmɪstəri] ,"тайна, мистика"
publication,[ˌpʌblɪˈkeɪʃən] ,публикация 
poem,[ˈpəʊɪm] ,стихотворение 
essay,[ˈɛseɪ] ,"эссе, сочинение"
drama,[ˈdrɑːmə] ,"драма, телевизионная или театральная постановка"
fiction,[ˈfɪkʃən] ,вымысел
journal,[ˈʤɜːnl] ,дневник (журнал)
episode,[ˈɛpɪsəʊd] ,эпизод 
adventure,[ədˈvɛnʧə] ,приключение
tragedy,[ˈtræʤɪdi] ,трагедия 
poet,[ˈpəʊɪt] ,поэт 
poetry,[ˈpəʊɪtri] ,поэзия 
plot,[plɒt] ,сюжет 
writer,[ˈraɪtə] ,писатель 
Религия,,
god,[gɒd] ,бог
devil,[ˈdɛvl],дьявол
belief,[bɪˈliːf] ,вера 
religion,[rɪˈlɪʤən] ,религия 
paradise,[ˈpærədaɪs] ,рай
hell,[hɛl] ,ад 
faith,[feɪθ] ,вера 
prayer,[preə] ,молитва 
priest,[priːst] ,священник 
heaven,[ˈhɛvn] ,небеса 
Bible,[ˈbaɪbl] ,Библия 
sin,[sɪn] ,грех
church,[ʧɜːʧ] ,церковь 
creation,[kri(ː)ˈeɪʃən] ,создание (акт/процесс создания)
being,[ˈbiːɪŋ] ,бытие
spirit,[ˈspɪrɪt] ,дух 
existence,[ɪgˈzɪstəns] ,существование 
christian,[ˈkrɪstjən] ,христианин
muslim,[ˈmʊslɪm] ,мусульманин
buddhist,[ˈbʊdɪst] ,буддист
Спорт,,
player,[ˈpleɪə] ,игрок 
sport,[spɔːt] ,спорт 
race,[reɪs] ,гонка 
seat,[siːt] ,сиденье (место)
ball,[bɔːl] ,мяч 
score,[skɔː] ,счет (в игре)
turn,[tɜːn] ,ход (напр. в игре)
fan,[fæn],болельщик (поклонник)
run (running),[rʌn] ,бег
exercise,[ˈɛksəsaɪz] ,упражнение 
"workout, training","[ˈwɜːkaʊt], [ˈtreɪnɪŋ] ",тренировка
athlete,[ˈæθliːt] ,спортсмен 
basketball,[ˈbɑːskɪtˌbɔːl] ,баскетбол 
football,[ˈfʊtbɔːl] ,футбол 
soccer,[ˈsɒkə] ,футбол
hockey,[ˈhɒki] ,хоккей
chess,[ʧɛs],шахматы
league,[liːg] ,лига 
championship,[ˈʧæmpjənʃɪp] ,чемпионат 
round,[raʊnd] ,раунд
match,[mæʧ] ,матч 
champion,[ˈʧæmpjən] ,чемпион
tournament,[ˈtʊənəmənt] ,турнир 
game,[geɪm] ,игра 
"stake, bet","[steɪk], [bɛt] ",ставка
winner,[ˈwɪnə] ,победитель 
loser,[ˈluːzə] ,проигравший
Общение,,
question,[ˈkwɛsʧən] ,вопрос 
note,[nəʊt] ,"примечание, заметка, записка"
statement,[ˈsteɪtmənt] ,заявление 
conference,[ˈkɒnfərəns] ,конференция 
detail,[ˈdiːteɪl] ,деталь (подробность)
comment,[ˈkɒmɛnt] ,комментарий 
advice,[ədˈvaɪs] ,"советы, совет"
"theme, topic","[θiːm], [ˈtɒpɪk] ",тема 
appeal,[əˈpiːl] ,обращение 
secret,[ˈsiːkrɪt] ,секрет 
tip,[tɪp] ,совет
tone,[təʊn] ,тон 
promise,[ˈprɒmɪs] ,обещание 
sentence ,[ˈsɛntəns]  ,предложение (лингв.)
explanation,[ˌɛkspləˈneɪʃən] ,объяснение 
alternative,[ɔːlˈtɜːnətɪv] ,альтернатива 
interaction,[ˌɪntərˈækʃən] ,взаимодействие 
warning,[ˈwɔːnɪŋ] ,предупреждение 
description,[dɪsˈkrɪpʃən] ,описание 
exposure (of a secret),[ɪksˈpəʊʒə],раскрытие (чего-то тайного)
joke,[ʤəʊk] ,шутка 
negotiation,[nɪˌgəʊʃɪˈeɪʃən] ,переговоры 
involvement,[ɪnˈvɒlvmənt] ,участие (вовлеченность)
emphasis,[ˈɛmfəsɪs] ,акцент (ударение) на что-то
suggestion,[səˈʤɛsʧən] ,предложение (т.е. предложить что-то)
approval,[əˈpruːvəl] ,подтверждение
phrase,[freɪz] ,фраза 
dispute,[dɪsˈpjuːt],спор 
dialogue,[ˈdaɪəlɒg] ,диалог 
lie,[laɪ] ,ложь 
introduction,[ˌɪntrəˈdʌkʃən] ,"введение, представление (при знакомстве)"
representation,[ˌrɛprɪzɛnˈteɪʃən] ,"представление, представительство"
instance,[ˈɪnstəns] ,пример
letter,[ˈlɛtə] ,письмо 
response,[rɪsˈpɒns] ,ответ 
answer,[ˈɑːnsə] ,ответ 
talk,[tɔːk] ,обсуждение (разговор)
discussion,[dɪsˈkʌʃən] ,обсуждение 
debate,[dɪˈbeɪt] ,дебаты
conversation,[ˌkɒnvəˈseɪʃən] ,разговор
argument,[ˈɑːgjʊmənt] ,аргумент 
exchange,[ɪksˈʧeɪnʤ] ,обмен 
expression,[ɪksˈprɛʃən] ,выражение 
abuse,[əˈbjuːs] ,"плохое отношение, причинение вреда"
Учеба,,
study,[ˈstʌdi] ,изучение (исследование)
campus,[ˈkæmpəs] ,кампус 
curriculum,[kəˈrɪkjʊləm] ,учебный план 
laboratory (lab),[ləˈbɒrətəri] [læb],лаборатория 
graduate,[ˈgrædjʊət] ,выпускник 
"mark (US), grade (UK)",[mɑːk] [greɪd] ,"оценка, отметка"
library,[ˈlaɪbrəri] ,библиотека 
discipline,[ˈdɪsɪplɪn] ,дисциплина 
major,[ˈmeɪʤə] ,специальность (в учебе)
educator,[ˈɛdju(ː)keɪtə] ,педагог 
testing,[ˈtɛstɪŋ] ,тестирование 
specialist,[ˈspɛʃəlɪst] ,специалист 
teacher,[ˈtiːʧə] ,учитель 
professor,[prəˈfɛsə] ,профессор
school,[skuːl] ,школа 
student,[ˈstjuːdənt] ,студент 
history,[ˈhɪstəri] ,история 
education,[ˌɛdju(ː)ˈkeɪʃən] ,образование 
college,[ˈkɒlɪʤ] ,колледж 
class,[klɑːs] ,"класс, урок"
test,[tɛst] ,тест
degree,[dɪˈgriː] ,степень (в т.ч. ученая степень)
training,[ˈtreɪnɪŋ] ,обучение 
knowledge,[ˈnɒlɪʤ] ,знание 
coach ,[kəʊʧ]  ,тренер 
university,[ˌjuːnɪˈvɜːsɪti] ,университет 
lesson,[ˈlɛsn] ,урок 
failure,[ˈfeɪljə] ,неудача
learning,[ˈlɜːnɪŋ] ,"изучение, процесс учебы"
classroom,[ˈklɑːsrʊm] ,класс (помещение)
session,[ˈsɛʃən] ,"сеанс, период работы, деятельности, учебы"
preparation,[ˌprɛpəˈreɪʃən] ,подготовка 
draft,[drɑːft] ,набросок (черновик)
set,[sɛt] ,набор 
Наука,,
research,[rɪˈsɜːʧ] ,исследование 
term,[tɜːm] ,термин
professor,[prəˈfɛsə] ,профессор 
science,[ˈsaɪəns] ,наука (естественная)
expert,[ˈɛkspɜːt] ,эксперт 
theory,[ˈθɪəri] ,теория 
method,[ˈmɛθəd] ,метод 
pattern,[ˈpætən] ,"модель, схема"
scientist,[ˈsaɪəntɪst] ,ученый 
speech,[spiːʧ] ,речь 
concept,[ˈkɒnsɛpt] ,"концепция, идея"
researcher,[rɪˈsɜːʧə] ,исследователь 
scale,[skeɪl] ,шкала 
survey,[ˈsɜːveɪ] ,опрос 
sample,[ˈsɑːmpl] ,образец 
technique,[tɛkˈniːk] ,техника (прием)
principle,[ˈprɪnsəpl] ,принцип 
aspect,[ˈæspɛkt] ,"аспект, сторона"
experiment,[ɪksˈpɛrɪmənt] ,эксперимент 
scholar,[ˈskɒlə] ,ученый (исследователь)
observation,[ˌɒbzə(ː)ˈveɪʃən] ,наблюдение 
error,[ˈɛrə] ,ошибка 
discovery,[dɪsˈkʌvəri] ,открытие 
philosophy,[fɪˈlɒsəfi] ,философия 
phenomenon,[fɪˈnɒmɪnən] ,"феномен, явление"
historian,[hɪsˈtɔːrɪən] ,историк 
origin,[ˈɒrɪʤɪn] ,происхождение 
satellite,[ˈsætəlaɪt] ,спутник
telescope,[ˈtɛlɪskəʊp] ,телескоп 
object,[ˈɒbʤɪkt] ,объект 
Государство и общество,,
government,[ˈgʌv(ə)nmənt] ,правительство 
right,[raɪt] ,право 
power,[ˈpaʊə] ,власть
member,[ˈmɛmbə] ,член
community,[kəˈmjuːnɪti] ,сообщество 
president,[ˈprɛzɪdənt] ,президент 
party,[ˈpɑːti] ,партия 
leader,[ˈliːdə] ,лидер 
official,[əˈfɪʃəl] ,официальное лицо
administration,[ədˌmɪnɪsˈtreɪʃ(ə)n] ,администрация 
campaign,[kæmˈpeɪn] ,кампания 
terrorism,[ˈtɛrərɪzm] ,терроризм 
election,[ɪˈlɛkʃən] ,выборы 
authority,[ɔːˈθɒrɪti] ,полномочия (власть)
peace,[piːs] ,мир (мирное время)
politics,[ˈpɒlɪtɪks] ,политика 
candidate,[ˈkændɪdɪt] ,кандидат 
institution,[ˌɪnstɪˈtjuːʃən] ,учреждение 
vote,[vəʊt] ,голос (на выборах)
citizen,[ˈsɪtɪzn] ,гражданин 
reform,[rɪˈfɔːm] ,реформа 
act,[ækt] ,акт 
freedom,[ˈfriːdəm] ,свобода 
department,[dɪˈpɑːtmənt] ,департамент
crisis,[ˈkraɪsɪs] ,кризис 
committee,[ˌkɒmɪˈtiː] ,комитет 
voter,[ˈvəʊtə] ,избиратель 
democracy,[dɪˈmɒkrəsi] ,демократия 
poll,[pəʊl] ,опрос 
minority,[maɪˈnɒrɪti] ,меньшинство 
majority,[məˈʤɒrɪti] ,большинство
union,[ˈjuːnjən] ,"союз, профсоюз"
regulation,[ˌrɛgjʊˈleɪʃən] ,"регулирование, правила"
politician,[ˌpɒlɪˈtɪʃən] ,политик 
governor,[ˈgʌvənə] ,губернатор 
rating,[ˈreɪtɪŋ] ,рейтинг 
regime,[reɪˈʒiːm] ,режим (правления)
opposition,[ˌɒpəˈzɪʃən] ,оппозиция 
minister,[ˈmɪnɪstə] ,министр 
intervention,[ˌɪntə(ː)ˈvɛnʃən] ,вмешательство 
coalition,[ˌkəʊəˈlɪʃən] ,коалиция 
independence,[ˌɪndɪˈpɛndəns] ,независимость 
king,[kɪŋ] ,король 
convention,[kənˈvɛnʃən] ,съезд
revolution,[ˌrɛvəˈluːʃən] ,революция 
senator,[ˈsɛnətə] ,сенатор 
founder,[ˈfaʊndə] ,основатель 
council,[ˈkaʊns(ə)l] ,совет (совещание)
activist,[ˈæktɪvɪst] ,активист 
people,[ˈpiːpl] ,люди (народ) 
state ,[steɪt] ,"государство, штат"
group,[gruːp] ,группа 
country,[ˈkʌntri] ,"страна, сельская местность"
nation,[ˈneɪʃən] ,"нация, народ, страна"
society,[səˈsaɪəti] ,общество 
land,[lænd] ,"земля (территория), страна"
population,[ˌpɒpjʊˈleɪʃən] ,население 
region,[ˈriːʤən] ,регион
public,[ˈpʌblɪk] ,общественность
status,[ˈsteɪtəs] ,статус
farm,[fɑːm] ,ферма 
folk,[fəʊk] ,народ
border,[ˈbɔːdə] ,граница
map,[mæp] ,карта 
holiday,[ˈhɒlədeɪ] ,праздник 
immigrant,[ˈɪmɪgrənt] ,иммигрант 
territory,[ˈtɛrɪtəri] ,территория 
volunteer,[ˌvɒlənˈtɪə] ,доброволец
symbol,[ˈsɪmbəl] ,символ 
immigration,[ˌɪmɪˈgreɪʃən] ,иммиграция 
supporter,[səˈpɔːtə] ,сторонник
strike,[straɪk] ,забастовка 
speaker,[ˈspiːkə] ,спикер (выступающий с речью)
refugee,[ˌrɛfju(ː)ˈʤiː] ,беженец
cabinet ,[ˈkæbɪnɪt]  ,кабинет министров
spokesman,[ˈspəʊksmən] ,"докладчик, оратор"
slave,[sleɪv] ,раб 
terror,[ˈtɛrə] ,"террор, ужас"
elite,[eɪˈliːt] ,элита 
conservative,[kənˈsɜːvətɪv] ,консерватор
protest,[ˈprəʊtɛst] ,протест 
shelter,[ˈʃɛltə] ,приют 
tribe,[traɪb] ,племя 
Армия,,
ally,[ˈælaɪ] ,союзник 
army,[ˈɑːmi] ,армия 
military,[ˈmɪlɪtəri] ,"вооруженные силы, военные"
enemy,[ˈɛnɪmi] ,враг
combat,[ˈkɒmbæt] ,сражение
strategy,[ˈstrætɪʤi] ,стратегия 
tactics,[ˈtæktɪks] ,тактика
soldier,[ˈsəʊlʤə] ,солдат 
officer,[ˈɒfɪsə] ,"офицер, должностное лицо"
troops,[truːps] ,войска (пехота)
victory,[ˈvɪktəri] ,победа 
defeat,[dɪˈfiːt] ,поражение
hero,[ˈhɪərəʊ] ,герой 
commander,[kəˈmɑːndə] ,командир 
flag,[flæg] ,флаг 
banner,[ˈbænə] ,знамя
rank,[ræŋk] ,звание 
war,[wɔː] ,война 
battle,[ˈbætl] ,битва 
shot,[ʃɒt] ,выстрел 
fight,[faɪt] ,борьба (драка)
bomb,[bɒm] ,бомба 
bullet,[ˈbʊlɪt] ,пуля 
shell,[ʃɛl],снаряд
missile,['mɪsaɪl],"ракета, реактивный снаряд"
ammunition (сокр. ammo),[ˌæmjə'nɪʃ(ə)n] ['æməu],боеприпасы
shooting,[ˈʃuːtɪŋ] ,стрельба 
casualty,['kæʒjuəltɪ],жертва
weapon,[ˈwɛpən] ,оружие 
gun,gʌn] ,"пистолет, оружие"
machine gun,[məˈʃiːn gʌn] ,пулемет
rifle,[ˈraɪfl] ,винтовка
armor,[ˈɑːmə] ,броня
attack,[əˈtæk] ,атака 
general,[ˈʤɛnərəl] ,генерал
division,[dɪˈvɪʒən] ,дивизия (подразделение)
unit,[ˈjuːnɪt] ,войсковая единица
"Экономика, бизнес",,
price,[praɪs] ,цена 
tax,[tæks] ,налог 
cost,[kɒst] ,стоимость 
product,[ˈprɒdʌkt] ,продукт (товар)
organization,[ˌɔːgənaɪˈzeɪʃən] ,организация 
economy,[i(ː)ˈkɒnəmi] ,экономика 
bank,[bæŋk] ,банк
agency,[ˈeɪʤənsi] ,агентство 
store,[stɔː] ,магазин (склад) 
fund,[fʌnd] ,фонд 
stock ,[stɒk],акция
loss,[lɒs] ,ущерб
trade,[treɪd] ,торговля 
deal,[diːl] ,сделка 
bill,[bɪl] ,счет (напр. в ресторане) 
benefit,[ˈbɛnɪfɪt] ,выгода 
firm,[fɜːm] ,фирма 
management,[ˈmænɪʤmənt] ,управление (руководящий состав)
charge,[ʧɑːʤ] ,плата (цена)
property,[ˈprɒpəti] ,собственность
base,[beɪs] ,"база, основание"
owner,[ˈəʊnə] ,владелец 
investment,[ɪnˈvɛstmənt] ,инвестиции 
consumer,[kənˈsjuːmə] ,потребитель 
budget,[ˈbʌʤɪt] ,бюджет 
agreement,[əˈgriːmənt] ,соглашение 
capital,[ˈkæpɪtl] ,капитал 
account,[əˈkaʊnt] ,счет (в банке)
credit,[ˈkrɛdɪt] ,кредит 
income,[ˈɪnkʌm] ,доход 
insurance,[ɪnˈʃʊərəns] ,страхование 
sales,[seɪlz] ,продажи
contract,[ˈkɒntrækt] ,контракт 
demand,[dɪˈmɑːnd] ,спрос (требование)
share,[ʃeə] ,"доля, акция"
competition,[ˌkɒmpɪˈtɪʃən] ,конкуренция
claim,[kleɪm] ,"претензия, заявление"
supply (econom.),[səˈplaɪ],предложение (эконом.)
supply (provision),[səˈplaɪ],обеспечение (материальное)
market,[ˈmɑːkɪt] ,рынок 
assessment,[əˈsɛsmənt] ,оценка 
revenue,[ˈrɛvɪnjuː] ,доход 
loan,[ləʊn] ,кредит (заем)
investor,[ɪnˈvɛstə] ,инвестор 
profit,[ˈprɒfɪt] ,прибыль 
cash,[kæʃ] ,наличные 
advertisement (сокр. ad),[ədˈvɜːtɪsmənt]  [æd],реклама (объявление)
real estate,[rɪəl ɪsˈteɪt] ,недвижимость
branch,[brɑːnʧ] ,филиал 
fee,[fiː] ,плата (вознаграждение)
division,[dɪˈvɪʒən] ,подразделение (административное\политическое)
debt,[dɛt] ,"долг (в значении ""денежный долг"")"
check,[ʧɛk] ,чек
check,[ʧɛk] ,проверка
welfare,[ˈwɛlfeə] ,"благосостояние, пособие по безработице"
representative,[ˌrɛprɪˈzɛntətɪv] ,представитель 
association,[əˌsəʊsɪˈeɪʃ(ə)n] ,ассоциация 
asset,[ˈæsɛt] ,актив (вклад)
payment,[ˈpeɪmənt] ,оплата 
expense,[ɪksˈpɛns] ,расход
funding,[ˈfʌndɪŋ] ,финансирование 
savings,[ˈseɪvɪŋz] ,сбережения
gain,[geɪn] ,прибыль
sale,[seɪl] ,продажа (распродажа)
foundation,[faʊnˈdeɪʃən] ,основание (создание чего-то)
goods,[gʊdz] ,товары
marketing,[ˈmɑːkɪtɪŋ] ,маркетинг 
poverty,[ˈpɒvəti] ,бедность 
spendings,[ˈspɛndɪŋz] ,расходы 
evaluation,[ɪˌvæljʊˈeɪʃən] ,оценка 
commission,[kəˈmɪʃən] ,комиссия 
deficit,[ˈdɛfɪsɪt] ,дефицит 
estimate,[ˈɛstɪmɪt] ,оценка 
enterprise,[ˈɛntəpraɪz] ,предприятие 
employment,[ɪmˈplɔɪmənt] ,трудовая занятость
wealth,[wɛlθ] ,богатство 
brand,[brænd] ,бренд 
stake,[steɪk] ,акция
corporation,[ˌkɔːpəˈreɪʃən] ,корпорация 
provision,[prəˈvɪʒən] ,"снабжение, обеспечение"
fortune,[ˈfɔːʧən] ,состояние (денежн.)
shopping,[ˈʃɒpɪŋ] ,покупка товаров 
finance,[faɪˈnæns] ,финансы 
transfer,[ˈtrænsfə(ː)] ,"передача, перевод (напр. денежный)"
treaty,[ˈtriːti] ,"договор (между странами), переговоры"
licence (Br.) license (Am.),[ˈlaɪsəns],лицензия 
establishment,[ɪsˈtæblɪʃmənt] ,основание (создание чего-то)
partnership,[ˈpɑːtnəʃɪp] ,партнерство 
buyer,[ˈbaɪə] ,покупатель 
stability,[stəˈbɪlɪti] ,стабильность 
customer,[ˈkʌstəmə] ,"клиент, покупатель"
client,[ˈklaɪənt] ,клиент 
package,[ˈpækɪʤ] ,посылка
business,[ˈbɪznɪs] ,бизнес 
Промышленность,,
resource,[rɪˈsɔːs] ,ресурс 
oil,[ɔɪl] ,нефть
gas,[gæs] ,газ (бензин)
industry,[ˈɪndəstri] ,промышленность 
technology,[tɛkˈnɒləʤi] ,технология 
energy,[ˈɛnəʤi] ,энергия 
plant ,[plɑːnt]  ,завод
machine,[məˈʃiːn] ,машина (напр.станок)
facility,[fəˈsɪlɪti] ,промышленное здание
equipment,[ɪˈkwɪpmənt] ,оборудование 
manufacturer,[ˌmænjʊˈfækʧərə] ,производитель 
mine,[maɪn] ,шахта
factory,[ˈfæktəri] ,фабрика
engineering,[ˌɛnʤɪˈnɪərɪŋ] ,инженерия
storage,[ˈstɔːrɪʤ] ,"хранилище, хранение"
production,[prəˈdʌkʃən] ,производство 
silver,[ˈsɪlvə] ,серебро 
gold,[gəʊld] ,золото 
crop,[krɒp] ,урожай 
maker,[ˈmeɪkə] ,производитель 
waste,[weɪst] ,отходы
"Работа, карьера",,
case,[keɪs] ,дело (случай)
company,[ˈkʌmpəni] ,компания 
work,[wɜːk] ,работа 
money,[ˈmʌni] ,деньги 
job,[ʤɒb] ,работа 
service,[ˈsɜːvɪs] ,услуга (обслуживание) 
office,[ˈɒfɪs] ,офис 
policy,[ˈpɒlɪsi] ,"политика (в знач. стратегия, линия поведения)"
plan,[plæn] ,план 
control,[kənˈtrəʊl] ,контроль 
report,[rɪˈpɔːt] ,отчет (доклад)
site,[saɪt] ,объект (напр. строительный) 
performance,[pəˈfɔːməns] ,производительность
effort,[ˈɛfət] ,усилие (труд)
action,[ˈækʃ(ə)n] ,действие 
activity,[ækˈtɪvɪti] ,деятельность 
practice,[ˈpræktɪs] ,практика
skill,[skɪl] ,"умение, навык"
order,[ˈɔːdə] ,"порядок, приказ, заказ"
meeting,[ˈmiːtɪŋ] ,встреча 
operation,[ˌɒpəˈreɪʃən] ,операция 
interview,[ˈɪntəvjuː] ,интервью (собеседование)
quality,[ˈkwɒlɪti] ,качество 
success,[səkˈsɛs] ,успех 
task,[tɑːsk] ,задача 
break ,[breɪk]  ,перерыв 
mission,[ˈmɪʃən] ,миссия 
labor,[ˈleɪbə] ,труд
weekend,[ˈwiːkˈɛnd] ,"уикэнд, выходные (сб, вс)"
attempt,[əˈtɛmpt] ,попытка 
day off,[deɪ ɒf] ,выходной день
lack (of something),[læk] ,нехватка
target,[ˈtɑːgɪt] ,цель 
tool,[tuːl] ,инструмент 
leadership,[ˈliːdəʃɪp] ,руководство (лидерство)
procedure,[prəˈsiːʤə] ,процедура (порядок выполнения действий)
document,[ˈdɒkjʊmənt] ,документ 
contacts,[ˈkɒntækts] ,контактные данные
progress,[ˈprəʊgrəs] ,прогресс 
application ,[ˌæplɪˈkeɪʃ(ə)n],заявка
instruction,[ɪnˈstrʌkʃən] ,инструкция 
instrument,[ˈɪnstrʊmənt] ,инструмент 
file,[faɪl] ,"файл, документ, личное дело"
outcome,[ˈaʊtkʌm] ,итог (результат)
duty,[ˈdjuːti] ,долг (должностная обязанность)
manner (in that manner),[ˈmænə] ,способ выполнения действия
requirement,[rɪˈkwaɪəmənt] ,требование 
copy,[ˈkɒpi] ,"экземпляр книги, копия чего-либо"
tips (money),[tɪps] ,чаевые
achievement,[əˈʧiːvmənt] ,достижение 
characteristic,[ˌkærɪktəˈrɪstɪk] ,"характеристика, черта"
signal,[ˈsɪgnl] ,сигнал 
agenda,[əˈʤɛndə] ,повестка дня 
schedule,[ˈʃɛdjuːl] ,график 
print,[prɪnt] ,"печать (печатная продукция), отпечаток"
stamp,[stæmp] ,"печать, штамп"
pass,[pɑːs] ,пропуск
employer,[ɪmˈplɔɪə] ,работодатель 
prospect,[ˈprɒspɛkt] ,перспектива 
entry,[ˈɛntri] ,запись (напр.в журнале)
disorder,[dɪsˈɔːdə] ,беспорядок
distribution,[ˌdɪstrɪˈbjuːʃən] ,"распределение, распространение"
command,[kəˈmɑːnd] ,команда (приказ)
veteran,[ˈvɛtərən] ,ветеран 
recovery,[rɪˈkʌvəri] ,восстановление 
salary,[ˈsæləri] ,зарплата 
observer,[əbˈzɜːvə] ,наблюдатель 
award,[əˈwɔːd] ,награда 
routine,[ruːˈtiːn] ,заведенный порядок (определенная последовательность действий)
wage,[weɪʤ] ,зарплата
pay,[peɪ] ,оплата
recommendation,[ˌrɛkəmɛnˈdeɪʃən] ,рекомендация 
delivery,[dɪˈlɪvəri] ,доставка 
craft,[krɑːft] ,ремесло 
headquarters,[ˈhɛdˈkwɔːtəz] ,"штаб, главный офис"
earnings,[ˈɜːnɪŋz] ,заработки
"load, cargo","[ləʊd], [ˈkɑːgəʊ] ",груз
sheet,[ʃiːt] ,лист (бумаги)
possibility,[ˌpɒsəˈbɪlɪti] ,возможность 
advantage,[ədˈvɑːntɪʤ] ,преимущество 
project,[ˈprɒʤɛkt] ,проект 
use,[juːs] ,использование 
reputation,[ˌrɛpju(ː)ˈteɪʃən] ,репутация 
career,[kəˈrɪə] ,карьера 
"Профессии, должности",,
director,[dɪˈrɛktə] ,"директор, режиссер"
position,[pəˈzɪʃən] ,положение (должность )
worker,[ˈwɜːkə] ,работник 
staff,[stɑːf] ,персонал 
lawyer,[ˈlɔːjə] ,адвокат 
executive,[ɪgˈzɛkjʊtɪv] ,"управленец, топ-менеджер"
manager,[ˈmænɪʤə] ,менеджер 
employee,[ˌɛmplɔɪˈiː] ,сотрудник 
agent,[ˈeɪʤənt] ,агент 
farmer,[ˈfɑːmə] ,фермер 
analyst,[ˈænəlɪst] ,аналитик 
engineer,[ˌɛnʤɪˈnɪə] ,инженер 
secretary,[ˈsɛkrətri] ,секретарь 
physician,[fɪˈzɪʃən] ,врач 
journalist,[ˈʤɜːnəlɪst] ,журналист 
designer,[dɪˈzaɪnə] ,дизайнер 
retirement,[rɪˈtaɪəmənt] ,выход на пенсию 
consultant,[kənˈsʌltənt] ,консультант 
doctor ,[ˈdɒktə]  ,врач 
teacher,[ˈtiːʧə] ,учитель
driver,[ˈdraɪvə] ,водитель
cook,[kʊk] ,повар
artist,[ˈɑːtɪst] ,художник
administrator,[ədˈmɪnɪstreɪtə] ,администратор 
CEO,[siː-iː-əʊ] ,генеральный директор 
deputy,[ˈdɛpjʊti] ,заместитель 
assistant,[əˈsɪstənt] ,ассистент
correspondent,[ˌkɒrɪsˈpɒndənt] ,корреспондент 
counselor,[ˈkaʊns(ə)lə] ,"советник, консультант"
editor,[ˈɛdɪtə] ,"редактор, главный редактор"
producer,[prəˈdjuːsə] ,производитель (продюсер)
master,[ˈmɑːstə] ,мастер (капитан корабля)
boss,[bɒs] ,босс 
personnel,[ˌpɜːsəˈnɛl] ,персонал 
dealer,[ˈdiːlə] ,"дилер, продавец"
head (of something),[hɛd] ,руководитель
reporter,[rɪˈpɔːtə] ,репортер 
chairman,[ˈʧeəmən] ,председатель 
chief,[ʧiːf] ,шеф (глава)
adviser,[ədˈvaɪzə] ,советник 
profession,[prəˈfɛʃən] ,профессия 
professional,[prəˈfɛʃənl] ,профессионал
Город,,
city,[ˈsɪti] ,большой город
town,[taʊn] ,маленький город
road,[rəʊd] ,дорога 
building,[ˈbɪldɪŋ] ,здание 
street,[striːt] ,улица 
bar,[bɑː] ,бар
station,[ˈsteɪʃən] ,станция 
trip,[trɪp] ,поездка 
hotel,[həʊˈtɛl] ,отель 
yard,[jɑːd] ,двор 
neighborhood,[ˈneɪbəhʊd] ,район (окрестность)
park,[pɑːk] ,парк 
village,[ˈvɪlɪʤ] ,деревня 
resident,[ˈrɛzɪdənt] ,житель 
club,[klʌb] ,клуб 
district,[ˈdɪstrɪkt] ,район 
crowd,[kraʊd] ,толпа 
block,[blɒk] ,квартал
shop,[ʃɒp] ,магазин 
construction,[kənˈstrʌkʃən] ,строительство 
tour,[tʊə] ,тур 
restaurant,[ˈrɛst(ə)ˌrɒŋ] ,ресторан 
bridge,[brɪʤ] ,мост 
traffic,[ˈtræfɪk] ,дорожное движение
museum,[mju(ː)ˈzɪəm] ,музей 
emergency,[ɪˈmɜːʤənsi] ,чрезвычайная ситуация
airport,[ˈeəpɔːt] ,аэропорт 
address,[əˈdrɛs] ,адрес 
beach,[biːʧ] ,пляж 
opening,[ˈəʊpnɪŋ] ,открытие 
route,[ruːt] ,маршрут 
post office,[pəʊst] ,почта
settlement,[ˈsɛtlmənt] ,поселение
"parking lot (Am.), car park (Br.)","[ˈpɑːkɪŋ lɒt], [kɑː pɑːk]",парковка 
stop,[stɒp] ,остановка
tower,[ˈtaʊə] ,башня 
mayor,[meə] ,мэр 
highway,[ˈhaɪweɪ] ,шоссе 
bench,[bɛnʧ] ,скамья 
sightseeing,[ˈsaɪtˌsiːɪŋz] ,осмотр достопримечательностей
column,[ˈkɒləm] ,колонна
resort,[rɪˈzɔːt] ,курорт 
Транспорт,,
car,[kɑː] ,автомобиль 
ship,[ʃɪp] ,корабль 
plane,[pleɪn] ,самолет 
driver,[ˈdraɪvə] ,водитель 
boat,[bəʊt] ,лодка 
truck,[trʌk] ,грузовик 
vehicle,[ˈviːɪkl] ,автомобиль 
flight,[flaɪt] ,полет 
bus,[bʌs] ,автобус 
fuel,[fjʊəl] ,топливо
engine,[ˈɛnʤɪn] ,двигатель 
ticket,[ˈtɪkɪt] ,билет 
train,[treɪn] ,поезд 
crew,[kruː] ,экипаж 
accident,[ˈæksɪdənt] ,авария 
pilot,[ˈpaɪlət] ,пилот 
wheel,[wiːl] ,колесо
ride,[raɪd] ,поездка 
passenger,[ˈpæsɪnʤə] ,пассажир 
airline,[ˈeəlaɪn] ,авиакомпания 
bike,[baɪk] ,велосипед (мотоцикл)
transportation,[ˌtrænspɔːˈteɪʃən] ,транспортировка
deck,[dɛk] ,палуба 
aircraft,[ˈeəkrɑːft] ,"самолет, воздушное судно"
crash,[kræʃ] ,авария
vessel,[ˈvɛsl] ,судно 
port,[pɔːt] ,порт 
Закон,,
victim,[ˈvɪktɪm] ,жертва 
threat,[θrɛt] ,угроза 
felony,[ˈfɛləni] ,"преступление (тяжелое, уголовное)"
misdemeanor,[ˌmɪsdɪˈmiːnə] ,мелкое преступление
attorney,[əˈtɜːni] ,адвокат 
judge,[ˈʤʌʤ] ,судья 
safety,[ˈseɪfti] ,безопасность 
investigation,[ɪnˌvɛstɪˈgeɪʃən] ,расследование 
murder,[ˈmɜːdə] ,убийство 
justice,[ˈʤʌstɪs] ,справедливость 
danger,[ˈdeɪnʤə] ,опасность 
jury,[ˈʤʊəri] ,жюри (присяжные)
judgment,[ˈʤʌʤmənt] ,суждение (решение суда)
witness,[ˈwɪtnɪs] ,свидетель 
incident,[ˈɪnsɪdənt] ,инцидент 
legislation,[ˌlɛʤɪsˈleɪʃən] ,"законодательство, законы"
sentence,[ˈsɛntəns] ,приговор
prosecutor,[ˈprɒsɪkjuːtə] ,прокурор 
investigator,[ɪnˈvɛstɪgeɪtə] ,следователь 
lawyer,[ˈlɔːjə] ,адвокат
suicide,[ˈsjʊɪsaɪd] ,самоубийство 
enforcement,[ɪnˈfɔːsmənt] ,принуждение к исполнению закона
prisoner,[ˈprɪznə] ,"заключенный, пленник"
inmate,[ˈɪnmeɪt] ,заключенный
jail,[ʤeɪl] ,тюрьма 
killer,[ˈkɪlə] ,убийца 
gang,[gæŋ] ,банда 
advocate,[ˈædvəkɪt] ,адвокат
lawsuit,[ˈlɔːsjuːt] ,иск 
testimony,[ˈtɛstɪməni] ,"свидетельство, показания"
penalty,[ˈpɛnlti] ,карательная мера
offense,[əˈfɛns] ,правонарушение
terrorist,[ˈtɛrərɪst] ,террорист 
assault,[əˈsɔːlt] ,нападение 
proof,[pruːf] ,доказательство 
violation,[ˌvaɪəˈleɪʃən] ,нарушение 
crime,[kraɪm] ,преступление 
cell (prison),[sɛl] ,"камера (тюремная), клетка"
trial,[ˈtraɪəl] ,испытание (судебный процесс)
prison,[ˈprɪzn] ,тюрьма 
evidence,[ˈɛvɪdəns] ,улика 
gun,[gʌn] ,пистолет
protection,[prəˈtɛkʃən] ,защита 
court ,[kɔːt]  ,суд
security,[sɪˈkjʊərɪti] ,безопасность (охрана)
officer,[ˈɒfɪsə] ,"офицер, должностное лицо"
cop,[kɒp] ,коп (полицейский)
police,[pəˈliːs] ,полиция 
guard,[gɑːd] ,охранник 
law,[lɔː] ,закон 
will,[wɪl],завещание
violence,[ˈvaɪələns] ,насилие 
responsibility,[rɪsˌpɒnsəˈbɪlɪti] ,ответственность 
"Дом, быт",,
home,[həʊm] ,дом
room,[ruːm] ,комната
house,[haʊs] ,дом (здание)
door,[dɔː] ,дверь 
view,[vjuː] ,вид 
table,[ˈteɪbl] ,стол 
court,[kɔːt] ,дворик 
wall,[wɔːl] ,стена 
window,[ˈwɪndəʊ] ,окно 
floor,[flɔː] ,пол (этаж)
bed,[bɛd] ,кровать 
chair,[ʧeə] ,стул 
garden,[ˈgɑːdn] ,сад 
kitchen,[ˈkɪʧɪn] ,кухня 
bedroom,[ˈbɛdru(ː)m] ,спальня
living room,[ˈlɪvɪŋ ruːm] ,гостиная
bathroom,[ˈbɑːθru(ː)m] ,"туалет, ванная"
basement,[ˈbeɪsmənt] ,подвал
fan,[fæn] ,вентилятор 
spot,[spɒt] ,пятно 
screen,[skriːn] ,экран 
flat (Br.) apartment (Am.),[flæt] [əˈpɑːtmənt] ,квартира 
living,[ˈlɪvɪŋ] ,проживание
key,[kiː] ,ключ 
pool,[puːl] ,бассейн 
desk,[dɛsk] ,"стол (письменный, рабочий)"
visitor,[ˈvɪzɪtə] ,посетитель 
guest,[gɛst],гость
hall,[hɔːl] ,зал 
mirror,[ˈmɪrə] ,зеркало 
telephone,[ˈtɛlɪfəʊn] ,телефон 
household,[ˈhaʊshəʊld] ,домашнее хозяйство
gate,[geɪt] ,ворота 
roof,[ruːf] ,крыша 
housing,[ˈhaʊzɪŋ] ,жилье
"dormitory, dorm",['dɔːmɪt(ə)rɪ] [dɔːm],общежитие (студенческое)
pot,[pɒt] ,горшок 
knife,[naɪf] ,нож 
recipe,[ˈrɛsɪpi] ,рецепт 
roll,[rəʊl] ,рулон
clock,[klɒk] ,часы (настенные)
ceiling,[ˈsiːlɪŋ] ,потолок 
fence,[fɛns] ,забор 
furniture,[ˈfɜːnɪʧə] ,мебель 
wardrobe,[ˈwɔːdrəʊb],шкаф (для одежды)
stair,[steə] ,"ступенька, лестница"
entrance,[ˈɛntrəns] ,вход 
exit,[ˈɛksɪt],выход
oven,[ˈʌvn] ,печь 
comfort,[ˈkʌmfət] ,комфорт 
shelf,[ʃɛlf] ,полка 
can,[kæn] ,консервная банка
lawn,[lɔːn] ,газон 
case,[keɪs] ,кейс (футляр)
card,[kɑːd] ,карточка
stuff,[stʌf] ,"вещи, хлам, барахло"
box,[bɒks] ,коробка 
item,[ˈaɪtəm] ,предмет
collection,[kəˈlɛkʃən] ,коллекция 
tape,[teɪp] ,лента 
cover,[ˈkʌvə] ,"крышка, покрытие, обложка"
lid,[lɪd],крышка
bowl,[bəʊl] ,чаша 
frame,[freɪm] ,рамка 
album,[ˈælbəm] ,альбом 
tube,[tjuːb] ,тюбик (трубка)
pack,[pæk] ,упаковка 
a bunch of ,[ə bʌnʧ ɒv]  ,куча чего-то
match,[mæʧ] ,спичка
cigarette,[ˌsɪgəˈrɛt] ,сигарета
thing,[θɪŋ] ,вещь 
glass,[glɑːs] ,стакан
Еда,,
breakfast,[ˈbrɛkfəst] ,завтрак 
lunch,[lʌnʧ] ,обед (ланч)
dinner,[ˈdɪnə] ,обед 
supper,[ˈsʌpə] ,ужин
food,[fuːd] ,еда 
coffee,[ˈkɒfi] ,кофе 
wine,[waɪn] ,вино 
salt,[sɔːlt] ,соль 
fat,[fæt] ,жир 
sugar,[ˈʃʊgə] ,сахар 
fruit,[fruːt] ,фрукты 
meal,[miːl] ,еда (блюдо)
bottle,[ˈbɒtl] ,бутылка 
meat,[miːt] ,мясо 
beer,[bɪə] ,пиво 
pepper,[ˈpɛpə] ,перец 
vegetables,[ˈvɛʤɪtəblz] ,овощи
dish,[dɪʃ] ,блюдо 
cream,[kriːm] ,сливки
drink,[drɪŋk] ,напиток 
taste,[teɪst] ,вкус 
milk,[mɪlk] ,молоко 
cheese,[ʧiːz] ,сыр 
bread,[brɛd] ,хлеб 
tea,[tiː] ,чай 
alcohol,[ˈælkəhɒl] ,алкоголь 
potato,[pəˈteɪtəʊ] ,картофель 
sauce,[sɔːs] ,соус 
juice,[ʤuːs] ,сок 
beans,[biːnz] ,бобы
tomato,[təˈmɑːtəʊ] ,помидор
butter,[ˈbʌtə] ,сливочное масло
spoon,[spuːn] , ложка
fork,[fɔːk],вилка
knife,[naɪf],нож
corn,[kɔːn] ,кукуруза 
cake,[keɪk] ,"пирог, торт"
onion,[ˈʌnjən] ,лук 
ingredient,[ɪnˈgriːdjənt] ,ингредиент 
chocolate,[ˈʧɒkəlɪt] ,шоколад 
apple,[ˈæpl] ,яблоко 
rice,[raɪs] ,рис
salad,[ˈsæləd] ,салат 
honey,[ˈhʌni] ,мед 
garlic,[ˈgɑːlɪk] ,чеснок 
cup,[kʌp] ,чашка 
plate,[pleɪt] ,тарелка
Одежда,,
shoes,[ʃuːz] ,обувь
clothes,[kləʊðz] ,одежда 
ring,[rɪŋ] ,кольцо 
dress,[drɛs] ,платье 
shirt,[ʃɜːt] ,рубашка 
fashion,[ˈfæʃən] ,мода 
tie,[taɪ] ,галстук 
hat,[hæt] ,шляпа 
coat,[kəʊt] ,пальто 
jacket,[ˈʤækɪt] ,куртка (пиджак)
cap,[ˈkæp] ,кепка
boots,[buːts] ,ботинки
belt,[bɛlt] ,ремень 
watch,[wɒʧ] ,наручные часы
label,[ˈleɪbl] ,этикетка 
button,[ˈbʌtn] ,кнопка (пуговица)
"pants, trousers",[pænts] [ˈtraʊzəz],брюки
glasses,[ˈglɑːsɪz] ,очки
bag,[bæg] ,сумка 
purse,[pɜːs] ,"дамская сумочка, кошелек"
suit,[sjuːt] ,костюм 
pocket,[ˈpɒkɪt] ,карман 
skirt,[skɜːt] ,юбка
T-shirt,[ˈtiːʃɜːt] ,футболка
zip,[zɪp] ,молния (застежка)
gloves,[glʌvz] ,перчатки
Медицина,,
health,[hɛlθ] ,здоровье 
care,[keə] ,уход 
drug,[drʌg] ,лекарство (наркотик)
doctor,[ˈdɒktə] ,доктор
patient,[ˈpeɪʃənt] ,пациент 
hospital,[ˈhɒspɪtl] ,больница 
blood,[blʌd] ,кровь 
treatment,[ˈtriːtmənt] ,лечение 
pain,[peɪn] ,боль 
disease,[dɪˈziːz] ,болезнь 
cancer,[ˈkænsə] ,рак (болезнь)
pills,[pɪlz] ,таблетки
medicine,[ˈmɛdsɪn] ,"медицина, лекарство"
cut,[kʌt] ,порез
injury,[ˈɪnʤəri] ,травма
aid (first aid),[eɪd],помощь (напр. первая помощь)
surgery,[ˈsɜːʤəri] ,хирургия (операция)
nurse,[nɜːs] ,медсестра (сиделка)
abortion,[əˈbɔːʃ(ə)n] ,аборт 
diet,[ˈdaɪət] ,диета 
therapy,[ˈθɛrəpi] ,терапия 
symptom,[ˈsɪmptəm] ,симптом 
shock,[ʃɒk] ,шок 
illness,[ˈɪlnɪs] ,болезнь 
clinic,[ˈklɪnɪk] ,клиника 
protein,[ˈprəʊtiːn] ,белок 
survival,[səˈvaɪvəl] ,выживание 
infection,[ɪnˈfɛkʃən] ,инфекция 
virus,[ˈvaɪərəs] ,вирус 
disability,[ˌdɪsəˈbɪlɪti] ,инвалидность 
insurance,[ɪnˈʃʊərəns] ,страховка
Информационные технологии,,
system,[ˈsɪstɪm] ,система 
programme (Br.) program (Am.),[ˈprəʊgræm],программа 
phone,[fəʊn] ,телефон 
data,[ˈdeɪtə] ,данные 
computer,[kəmˈpjuːtə] ,компьютер 
call,[kɔːl] ,телефонный звонок
message,[ˈmɛsɪʤ] ,сообщение 
network,[ˈnɛtwɜːk] ,компьютерная сеть
radio,[ˈreɪdɪəʊ] ,радио (рация)
communication,[kəˌmjuːnɪˈkeɪʃən] ,связь (коммуникация)
connection,[kəˈnɛkʃən] ,подключение (связь)
Internet,[ˈɪntəˌnɛt] ,интернет 
device,[dɪˈvaɪs] ,устройство 
application,[ˌæplɪˈkeɪʃ(ə)n] ,"приложение, программа"
hardware,[ˈhɑːdweə] ,"компьютерное ""железо"""
software,[ˈsɒftweə] ,программное обеспечение 
email,['iːmeɪl],электронная почта
settings,[ˈsɛtɪŋz] ,настройки
user,[ˈjuːzə] ,пользователь 
resolution,[ˌrɛzəˈluːʃən] ,разрешение (экрана)
chip,[ʧɪp],чип (комп.)
link,[lɪŋk],ссылка (в интернете) 
display,[dɪsˈpleɪ] ,дисплей 
keyboard,[ˈkiːbɔːd] ,клавиатура
laptop,[ˈlæpˌtɒp] ,ноутбук
PC (personal computer),[piː-siː] [ˈpɜːsnl kəmˈpjuːtə],"ПК, персональный компьютер"
tablet,[ˈtæblɪt] ,планшетный компьютер
mail,[meɪl] ,почта 
net,[nɛt] ,сеть
content,[ˈkɒntɛnt] ,содержание (контент)